Timestamp,TimeDelta,PacketInformation,DevAddr,CommandId,Status,Description
21-11-26 11:16:46:141372,0,55 82 00 00 08 63 d4 44 01 01 00 06 00 7f aa ,0xd444,ZBHCI_CMD_DATA_CONFIRM,SUCCESS,src_endpoint: 0x01 dst_endpoint: 0x01 cluster_id:0x6(GEN_ON_OFF) status:0x0(SUCCESS) aps_cnt:0x7f
21-11-26 11:16:47:141565,1.000193,55 82 00 00 08 a7 5d f6 01 01 00 06 00 80 aa ,0x5df6,ZBHCI_CMD_DATA_CONFIRM,SUCCESS,src_endpoint: 0x01 dst_endpoint: 0x01 cluster_id:0x6(GEN_ON_OFF) status:0x0(SUCCESS) aps_cnt:0x80
21-11-26 11:16:49:172212,2.030647,55 82 00 00 08 4b ca 8f 01 01 00 06 00 82 aa ,0xca8f,ZBHCI_CMD_DATA_CONFIRM,SUCCESS,src_endpoint: 0x01 dst_endpoint: 0x01 cluster_id:0x6(GEN_ON_OFF) status:0x0(SUCCESS) aps_cnt:0x82
21-11-26 11:16:49:638275,0.466063,55 82 00 00 08 3d dd ed 01 01 00 06 00 81 aa ,0xdded,ZBHCI_CMD_DATA_CONFIRM,SUCCESS,src_endpoint: 0x01 dst_endpoint: 0x01 cluster_id:0x6(GEN_ON_OFF) status:0x0(SUCCESS) aps_cnt:0x81
21-11-26 11:16:50:156995,0.51872,55 82 00 00 08 7e a3 d2 01 01 00 06 00 83 aa ,0xa3d2,ZBHCI_CMD_DATA_CONFIRM,SUCCESS,src_endpoint: 0x01 dst_endpoint: 0x01 cluster_id:0x6(GEN_ON_OFF) status:0x0(SUCCESS) aps_cnt:0x83
21-11-26 11:16:51:161492,1.004497,55 82 00 00 08 a7 d5 7a 01 01 00 06 00 84 aa ,0xd57a,ZBHCI_CMD_DATA_CONFIRM,SUCCESS,src_endpoint: 0x01 dst_endpoint: 0x01 cluster_id:0x6(GEN_ON_OFF) status:0x0(SUCCESS) aps_cnt:0x84
21-11-26 11:16:52:086562,0.92507,55 80 41 00 00 c1 aa ,,ZBHCI_CMD_NODES_TOGLE_TEST_RSP,,
21-11-26 11:16:53:101359,1.014797,55 82 00 00 08 fd 66 92 01 01 00 06 00 85 aa ,0x6692,ZBHCI_CMD_DATA_CONFIRM,SUCCESS,src_endpoint: 0x01 dst_endpoint: 0x01 cluster_id:0x6(GEN_ON_OFF) status:0x0(SUCCESS) aps_cnt:0x85
21-11-26 11:16:54:121511,1.020152,55 82 00 00 08 3a be 8e 01 01 00 06 00 86 aa ,0xbe8e,ZBHCI_CMD_DATA_CONFIRM,SUCCESS,src_endpoint: 0x01 dst_endpoint: 0x01 cluster_id:0x6(GEN_ON_OFF) status:0x0(SUCCESS) aps_cnt:0x86
21-11-26 11:16:55:140238,1.018727,55 82 00 00 08 aa e5 44 01 01 00 06 00 87 aa ,0xe544,ZBHCI_CMD_DATA_CONFIRM,SUCCESS,src_endpoint: 0x01 dst_endpoint: 0x01 cluster_id:0x6(GEN_ON_OFF) status:0x0(SUCCESS) aps_cnt:0x87
21-11-26 11:16:56:131413,0.991175,55 82 00 00 08 bb 40 ff 01 01 00 06 00 88 aa ,0x40ff,ZBHCI_CMD_DATA_CONFIRM,SUCCESS,src_endpoint: 0x01 dst_endpoint: 0x01 cluster_id:0x6(GEN_ON_OFF) status:0x0(SUCCESS) aps_cnt:0x88
21-11-26 11:16:57:136231,1.004818,55 82 00 00 08 ca 59 96 01 01 00 06 00 89 aa ,0x5996,ZBHCI_CMD_DATA_CONFIRM,SUCCESS,src_endpoint: 0x01 dst_endpoint: 0x01 cluster_id:0x6(GEN_ON_OFF) status:0x0(SUCCESS) aps_cnt:0x89
21-11-26 11:16:58:139168,1.002937,55 82 00 00 08 ae d5 7d 01 01 00 06 00 8a aa ,0xd57d,ZBHCI_CMD_DATA_CONFIRM,SUCCESS,src_endpoint: 0x01 dst_endpoint: 0x01 cluster_id:0x6(GEN_ON_OFF) status:0x0(SUCCESS) aps_cnt:0x8a
21-11-26 11:16:59:121961,0.982793,55 82 00 00 08 b8 7c c3 01 01 00 06 00 8b aa ,0x7cc3,ZBHCI_CMD_DATA_CONFIRM,SUCCESS,src_endpoint: 0x01 dst_endpoint: 0x01 cluster_id:0x6(GEN_ON_OFF) status:0x0(SUCCESS) aps_cnt:0x8b
21-11-26 11:17:00:112115,0.990154,55 82 00 00 08 59 f8 a1 01 01 00 06 00 8c aa ,0xf8a1,ZBHCI_CMD_DATA_CONFIRM,SUCCESS,src_endpoint: 0x01 dst_endpoint: 0x01 cluster_id:0x6(GEN_ON_OFF) status:0x0(SUCCESS) aps_cnt:0x8c
21-11-26 11:17:01:139621,1.027506,55 82 00 00 08 15 9c 88 01 01 00 06 00 8d aa ,0x9c88,ZBHCI_CMD_DATA_CONFIRM,SUCCESS,src_endpoint: 0x01 dst_endpoint: 0x01 cluster_id:0x6(GEN_ON_OFF) status:0x0(SUCCESS) aps_cnt:0x8d
21-11-26 11:17:02:168670,1.029049,55 82 00 00 08 ae 99 35 01 01 00 06 00 8e aa ,0x9935,ZBHCI_CMD_DATA_CONFIRM,SUCCESS,src_endpoint: 0x01 dst_endpoint: 0x01 cluster_id:0x6(GEN_ON_OFF) status:0x0(SUCCESS) aps_cnt:0x8e
21-11-26 11:17:03:168615,0.999945,55 82 00 00 08 51 bc ee 01 01 00 06 00 8f aa ,0xbcee,ZBHCI_CMD_DATA_CONFIRM,SUCCESS,src_endpoint: 0x01 dst_endpoint: 0x01 cluster_id:0x6(GEN_ON_OFF) status:0x0(SUCCESS) aps_cnt:0x8f
21-11-26 11:17:04:106338,0.937723,55 82 00 00 08 3a 59 7f 01 01 00 06 00 90 aa ,0x597f,ZBHCI_CMD_DATA_CONFIRM,SUCCESS,src_endpoint: 0x01 dst_endpoint: 0x01 cluster_id:0x6(GEN_ON_OFF) status:0x0(SUCCESS) aps_cnt:0x90
21-11-26 11:17:05:121526,1.015188,55 82 00 00 08 a7 ce 74 01 01 00 06 00 91 aa ,0xce74,ZBHCI_CMD_DATA_CONFIRM,SUCCESS,src_endpoint: 0x01 dst_endpoint: 0x01 cluster_id:0x6(GEN_ON_OFF) status:0x0(SUCCESS) aps_cnt:0x91
21-11-26 11:17:06:136533,1.015007,55 82 00 00 08 94 b0 3a 01 01 00 06 00 92 aa ,0xb03a,ZBHCI_CMD_DATA_CONFIRM,SUCCESS,src_endpoint: 0x01 dst_endpoint: 0x01 cluster_id:0x6(GEN_ON_OFF) status:0x0(SUCCESS) aps_cnt:0x92
21-11-26 11:17:07:116353,0.97982,55 82 00 00 08 eb 30 c4 01 01 00 06 00 93 aa ,0x30c4,ZBHCI_CMD_DATA_CONFIRM,SUCCESS,src_endpoint: 0x01 dst_endpoint: 0x01 cluster_id:0x6(GEN_ON_OFF) status:0x0(SUCCESS) aps_cnt:0x93
21-11-26 11:17:08:156350,1.039997,55 82 00 00 08 02 69 73 01 01 00 06 00 94 aa ,0x6973,ZBHCI_CMD_DATA_CONFIRM,SUCCESS,src_endpoint: 0x01 dst_endpoint: 0x01 cluster_id:0x6(GEN_ON_OFF) status:0x0(SUCCESS) aps_cnt:0x94
21-11-26 11:17:09:141281,0.984931,55 82 00 00 08 2f 9e a8 01 01 00 06 00 95 aa ,0x9ea8,ZBHCI_CMD_DATA_CONFIRM,SUCCESS,src_endpoint: 0x01 dst_endpoint: 0x01 cluster_id:0x6(GEN_ON_OFF) status:0x0(SUCCESS) aps_cnt:0x95
21-11-26 11:17:10:151609,1.010328,55 82 00 00 08 3c 0c 2a 01 01 00 06 00 96 aa ,0x0c2a,ZBHCI_CMD_DATA_CONFIRM,SUCCESS,src_endpoint: 0x01 dst_endpoint: 0x01 cluster_id:0x6(GEN_ON_OFF) status:0x0(SUCCESS) aps_cnt:0x96
21-11-26 11:17:11:141236,0.989627,55 82 00 00 08 b0 5c f7 01 01 00 06 00 97 aa ,0x5cf7,ZBHCI_CMD_DATA_CONFIRM,SUCCESS,src_endpoint: 0x01 dst_endpoint: 0x01 cluster_id:0x6(GEN_ON_OFF) status:0x0(SUCCESS) aps_cnt:0x97
