Timestamp,TimeDelta,PacketInformation,DevAddr,CommandId,Status,Description
21-09-09 17:09:23:662332,0,55 81 04 00 0c c1 93 2c 01 01 e1 00 06 01 00 00 10 01 aa ,0x932c,ZBHCI_CMD_ZCL_REPORT_MSG_RCV,,src_endpoint: 0x01dst_endpoint: 0x01 seq_num:0xe1 cluster_id: 0x0006(GEN_ON_OFF) num_attr:01 attribute_id: 0x0000 data_type:0x10 data_len:01 data:0x1 
21-09-09 17:09:38:606153,14.943821,55 01 00 00 0d b3 02 93 2c 01 01 01 04 00 00 06 01 00 00 aa ,0x932c,ZBHCI_CMD_ZCL_ATTR_READ,,dst_addr_mode: 0x2(short) dst_addr:0x932c src_ep: 0x01 dst_ep: 0x01 direction: 0x0(to server) cluster_id:  0x0006(GEN_ON_OFF) attr_cnt:  1 attr_id: 0x0000 
21-09-09 17:09:38:607752,0.001599,55 80 00 00 04 85 01 00 00 00 aa ,,ZBHCI_CMD_ACKNOWLEDGE,ZBHCI_MSG_STATUS_SUCCESS,	msgtype:0x100 status:0x0(ZBHCI_MSG_STATUS_SUCCESS)
21-09-09 17:09:38:626999,0.019247,55 82 00 00 08 1c 93 2c 01 01 00 06 00 2f aa ,0x932c,ZBHCI_CMD_DATA_CONFIRM,SUCCESS,src_endpoint: 0x01 dst_endpoint: 0x01 cluster_id:0x6(GEN_ON_OFF) status:0x0(SUCCESS) aps_cnt:0x2f
21-09-09 17:09:38:636962,0.009963,55 81 00 00 0d a5 93 2c 01 01 80 00 06 01 00 00 00 10 01 aa ,0x932c,ZBHCI_CMD_ZCL_ATTR_READ_RSP,ZCL_STA_SUCCESS,src_endpoint: 0x01dst_endpoint: 0x01 seq_num:0x80 cluster_id: 0x0006(GEN_ON_OFF) attr_id: 0x0000 status:0x0(ZCL_STA_SUCCESS) data_type:10 data_len:01
21-09-09 17:10:09:101663,30.464701,55 01 03 00 0e b3 02 93 2c 01 01 01 04 00 00 06 01 00 00 00 aa ,0x932c,ZBHCI_CMD_ZCL_READ_REPORT_CFG,,dst_addr_mode: 0x2(short) dst_addr:0x932c src_ep: 0x01 dst_ep: 0x01 direction: 0x0(to server) cluster_id:  0x0006(GEN_ON_OFF) attr_cnt:  1 report_dir: 0x0 attr_id: 0x0000 
21-09-09 17:10:09:104178,0.002515,55 80 00 00 04 86 01 03 00 00 aa ,,ZBHCI_CMD_ACKNOWLEDGE,ZBHCI_MSG_STATUS_SUCCESS,	msgtype:0x103 status:0x0(ZBHCI_MSG_STATUS_SUCCESS)
21-09-09 17:10:09:123691,0.019513,55 82 00 00 08 03 93 2c 01 01 00 06 00 30 aa ,0x932c,ZBHCI_CMD_DATA_CONFIRM,SUCCESS,src_endpoint: 0x01 dst_endpoint: 0x01 cluster_id:0x6(GEN_ON_OFF) status:0x0(SUCCESS) aps_cnt:0x30
21-09-09 17:10:09:123691,0.0,55 81 03 00 11 8c 93 2c 01 01 81 00 06 01 00 00 00 00 10 00 0a 00 3c aa ,0x932c,ZBHCI_CMD_ZCL_READ_REPORT_CFG_RSP,ZCL_STA_SUCCESS,src_endpoint: 0x01dst_endpoint: 0x01 seq_num:0x81 cluster_id: 0x0006(GEN_ON_OFF) num_attr:0x1 status:0x0(ZCL_STA_SUCCESS) direction:0x0 attribute_id: 0x0000 data_type:0x10 min_report_interval:0xa max_report_interval:0x3c
